<beans xmlns="http://www.springframework.org/schema/beans"
	xmlns:context="http://www.springframework.org/schema/context"
	 xmlns:tx="http://www.springframework.org/schema/tx"
	xmlns:aop="http://www.springframework.org/schema/aop" 
	xmlns:xsi="http://www.w3.org/2001/XMLSchema-instance"
	xsi:schemaLocation="
   http://www.springframework.org/schema/beans     
   http://www.springframework.org/schema/beans/spring-beans-4.3.xsd
   http://www.springframework.org/schema/context 
   http://www.springframework.org/schema/context/spring-context-4.3.xsd">
   
   <bean id= "address" class= "com.cg.project.beans.Address">
   <property name="city" value ="Hyderabad"></property>
    <property name="state" value ="telangana"></property>
    <property name="country" value ="India"></property>
     <property name="pincode" value ="507117"></property>
</bean>
	<bean id = "associate" class= "com.cg.project.beans.Associate">
	<property name="associateId" value ="95350"></property>
	<property name="firstName" value ="Sushma"></property>
	<property name="lastName" value ="bekkam"></property>
	<property name="address" ref ="address"></property>
</bean>
</beans>